Topic 1,Topic 2
Mathematics,Psychology
Psychology,Mathematics
Astronomy,Mathematics
Literature,Geography
Literature,Astronomy
Literature,Geography
Geography,Psychology
Astronomy,Literature
Astronomy,Mathematics
Literature,Psychology
Literature,Astronomy
Literature,Geography
Geography,Mathematics
Psychology,Literature
Psychology,Mathematics
Psychology,Geography
Literature,Geography
Astronomy,Psychology
Psychology,Literature
Astronomy,Geography
Literature,Mathematics
Mathematics,Literature
Mathematics,Psychology
Mathematics,Geography
Geography,Literature
Geography,Astronomy
Literature,Mathematics
Mathematics,Geography
Literature,Psychology
Geography,Astronomy
Literature,Astronomy
Geography,Astronomy
Mathematics,Psychology
Literature,Geography
Astronomy,Geography
Mathematics,Literature
Geography,Psychology
Mathematics,Literature
Geography,Psychology
Mathematics,Geography
Literature,Mathematics
Mathematics,Literature
Psychology,Geography
Geography,Astronomy
Astronomy,Geography
Literature,Geography
Astronomy,Psychology
Astronomy,Mathematics
Psychology,Literature
Geography,Mathematics
